Target Detail	Target Rank	Target Score	miRNA Name	Gene Symbol	Gene Description	
Details	1	97	hsa-miR-335-5p	CASP7	caspase 7	
Details	2	97	hsa-miR-335-5p	SEPHS1	selenophosphate synthetase 1	
Details	3	96	hsa-miR-335-5p	SRSF4	serine and arginine rich splicing factor 4	
Details	4	96	hsa-miR-335-5p	ZRANB1	zinc finger RANBP2-type containing 1	
Details	5	96	hsa-miR-335-5p	NRXN1	neurexin 1	
Details	6	95	hsa-miR-335-5p	FLT1	fms related tyrosine kinase 1	
Details	7	94	hsa-miR-335-5p	POU2F3	POU class 2 homeobox 3	
Details	8	94	hsa-miR-335-5p	KRT81	keratin 81	
Details	9	94	hsa-miR-335-5p	STAG1	stromal antigen 1	
Details	10	93	hsa-miR-335-5p	HOXD8	homeobox D8	
Details	11	93	hsa-miR-335-5p	DAAM1	dishevelled associated activator of morphogenesis 1	
Details	12	93	hsa-miR-335-5p	CHFR	checkpoint with forkhead and ring finger domains	
Details	13	93	hsa-miR-335-5p	TTK	TTK protein kinase	
Details	14	93	hsa-miR-335-5p	GATA2	GATA binding protein 2	
Details	15	92	hsa-miR-335-5p	NXPH2	neurexophilin 2	
Details	16	92	hsa-miR-335-5p	VAPA	VAMP associated protein A	
Details	17	92	hsa-miR-335-5p	ARGLU1	arginine and glutamate rich 1	
Details	18	92	hsa-miR-335-5p	USP24	ubiquitin specific peptidase 24	
Details	19	91	hsa-miR-335-5p	PTGES3L	prostaglandin E synthase 3 like	
Details	20	91	hsa-miR-335-5p	PSD3	pleckstrin and Sec7 domain containing 3	
Details	21	91	hsa-miR-335-5p	HAND1	heart and neural crest derivatives expressed 1	
Details	22	91	hsa-miR-335-5p	TMEM59	transmembrane protein 59	
Details	23	91	hsa-miR-335-5p	TNFSF11	TNF superfamily member 11	
Details	24	91	hsa-miR-335-5p	UBE2G1	ubiquitin conjugating enzyme E2 G1	
Details	25	90	hsa-miR-335-5p	TPST1	tyrosylprotein sulfotransferase 1	
Details	26	90	hsa-miR-335-5p	RPRM	reprimo, TP53 dependent G2 arrest mediator homolog	
Details	27	90	hsa-miR-335-5p	ATE1	arginyltransferase 1	
Details	28	90	hsa-miR-335-5p	SOX6	SRY-box 6	
Details	29	90	hsa-miR-335-5p	ALPG	alkaline phosphatase, germ cell	
Details	30	89	hsa-miR-335-5p	CNOT7	CCR4-NOT transcription complex subunit 7	
Details	31	89	hsa-miR-335-5p	PRKAA2	protein kinase AMP-activated catalytic subunit alpha 2	
Details	32	89	hsa-miR-335-5p	RTL9	retrotransposon Gag like 9	
Details	33	89	hsa-miR-335-5p	TMEM41A	transmembrane protein 41A	
Details	34	89	hsa-miR-335-5p	CALU	calumenin	
Details	35	88	hsa-miR-335-5p	M6PR	mannose-6-phosphate receptor, cation dependent	
Details	36	88	hsa-miR-335-5p	ZHX1	zinc fingers and homeoboxes 1	
Details	37	88	hsa-miR-335-5p	FBXO28	F-box protein 28	
Details	38	88	hsa-miR-335-5p	KDM2B	lysine demethylase 2B	
Details	39	88	hsa-miR-335-5p	FAM131B	family with sequence similarity 131 member B	
Details	40	88	hsa-miR-335-5p	TXNDC8	thioredoxin domain containing 8	
Details	41	88	hsa-miR-335-5p	GBP1	guanylate binding protein 1	
Details	42	88	hsa-miR-335-5p	GLYR1	glyoxylate reductase 1 homolog	
Details	43	88	hsa-miR-335-5p	PTPRB	protein tyrosine phosphatase, receptor type B	
Details	44	87	hsa-miR-335-5p	SNIP1	Smad nuclear interacting protein 1	
Details	45	87	hsa-miR-335-5p	SRF	serum response factor	
Details	46	87	hsa-miR-335-5p	SMARCA2	SWI/SNF related, matrix associated, actin dependent regulator of chromatin, subfamily a, member 2	
Details	47	87	hsa-miR-335-5p	FMN1	formin 1	
Details	48	87	hsa-miR-335-5p	EIF5A2	eukaryotic translation initiation factor 5A2	
Details	49	87	hsa-miR-335-5p	PGM3	phosphoglucomutase 3	
Details	50	87	hsa-miR-335-5p	PANK1	pantothenate kinase 1	
Details	51	86	hsa-miR-335-5p	KAT7	lysine acetyltransferase 7	
Details	52	86	hsa-miR-335-5p	CCNF	cyclin F	
Details	53	86	hsa-miR-335-5p	HPCAL4	hippocalcin like 4	
Details	54	86	hsa-miR-335-5p	POU5F1B	POU class 5 homeobox 1B	
Details	55	86	hsa-miR-335-5p	MACO1	macoilin 1	
Details	56	86	hsa-miR-335-5p	SERF2	small EDRK-rich factor 2	
Details	57	86	hsa-miR-335-5p	CERS5	ceramide synthase 5	
Details	58	86	hsa-miR-335-5p	NCKAP5	NCK associated protein 5	
Details	59	86	hsa-miR-335-5p	RBFOX2	RNA binding fox-1 homolog 2	
Details	60	86	hsa-miR-335-5p	POU5F1	POU class 5 homeobox 1	
Details	61	86	hsa-miR-335-5p	JRK	Jrk helix-turn-helix protein	
Details	62	85	hsa-miR-335-5p	F13A1	coagulation factor XIII A chain	
Details	63	85	hsa-miR-335-5p	AJAP1	adherens junctions associated protein 1	
Details	64	85	hsa-miR-335-5p	CDC7	cell division cycle 7	
Details	65	85	hsa-miR-335-5p	DGKB	diacylglycerol kinase beta	
Details	66	85	hsa-miR-335-5p	SECISBP2L	SECIS binding protein 2 like	
Details	67	85	hsa-miR-335-5p	SORCS1	sortilin related VPS10 domain containing receptor 1	
Details	68	85	hsa-miR-335-5p	TMEM74	transmembrane protein 74	
Details	69	85	hsa-miR-335-5p	PEX12	peroxisomal biogenesis factor 12	
Details	70	85	hsa-miR-335-5p	NAA25	N(alpha)-acetyltransferase 25, NatB auxiliary subunit	
Details	71	85	hsa-miR-335-5p	KSR2	kinase suppressor of ras 2	
Details	72	85	hsa-miR-335-5p	FAM107B	family with sequence similarity 107 member B	
Details	73	85	hsa-miR-335-5p	ARHGAP18	Rho GTPase activating protein 18	
Details	74	85	hsa-miR-335-5p	CEP350	centrosomal protein 350	
Details	75	85	hsa-miR-335-5p	PLEKHA8	pleckstrin homology domain containing A8	
Details	76	85	hsa-miR-335-5p	RAB3B	RAB3B, member RAS oncogene family	
Details	77	84	hsa-miR-335-5p	ZNF577	zinc finger protein 577	
Details	78	84	hsa-miR-335-5p	PTGR2	prostaglandin reductase 2	
Details	79	84	hsa-miR-335-5p	TCF4	transcription factor 4	
Details	80	84	hsa-miR-335-5p	ZMPSTE24	zinc metallopeptidase STE24	
Details	81	84	hsa-miR-335-5p	KDM4C	lysine demethylase 4C	
Details	82	84	hsa-miR-335-5p	MTMR4	myotubularin related protein 4	
Details	83	84	hsa-miR-335-5p	KRT24	keratin 24	
Details	84	84	hsa-miR-335-5p	ATP2B4	ATPase plasma membrane Ca2+ transporting 4	
Details	85	84	hsa-miR-335-5p	CAMKK2	calcium/calmodulin dependent protein kinase kinase 2	
Details	86	84	hsa-miR-335-5p	ACTR2	ARP2 actin related protein 2 homolog	
Details	87	84	hsa-miR-335-5p	RASA1	RAS p21 protein activator 1	
Details	88	84	hsa-miR-335-5p	B4GAT1	beta-1,4-glucuronyltransferase 1	
Details	89	83	hsa-miR-335-5p	PHF6	PHD finger protein 6	
Details	90	83	hsa-miR-335-5p	KCNC1	potassium voltage-gated channel subfamily C member 1	
Details	91	83	hsa-miR-335-5p	FAM3B	family with sequence similarity 3 member B	
Details	92	83	hsa-miR-335-5p	SYNC	syncoilin, intermediate filament protein	
Details	93	83	hsa-miR-335-5p	LMX1A	LIM homeobox transcription factor 1 alpha	
Details	94	82	hsa-miR-335-5p	ELAVL3	ELAV like RNA binding protein 3	
Details	95	82	hsa-miR-335-5p	ZBTB20	zinc finger and BTB domain containing 20	
Details	96	82	hsa-miR-335-5p	CD209	CD209 molecule	
Details	97	82	hsa-miR-335-5p	GJA5	gap junction protein alpha 5	
Details	98	82	hsa-miR-335-5p	ARMC10	armadillo repeat containing 10	
Details	99	82	hsa-miR-335-5p	CSRNP3	cysteine and serine rich nuclear protein 3	
Details	100	82	hsa-miR-335-5p	C12orf71	chromosome 12 open reading frame 71	
Details	101	81	hsa-miR-335-5p	CDK13	cyclin dependent kinase 13	
Details	102	81	hsa-miR-335-5p	MLLT3	MLLT3, super elongation complex subunit	
Details	103	81	hsa-miR-335-5p	APTX	aprataxin	
Details	104	81	hsa-miR-335-5p	SREK1IP1	SREK1 interacting protein 1	
Details	105	81	hsa-miR-335-5p	GOPC	golgi associated PDZ and coiled-coil motif containing	
Details	106	81	hsa-miR-335-5p	COL5A2	collagen type V alpha 2 chain	
Details	107	80	hsa-miR-335-5p	MAP3K2	mitogen-activated protein kinase kinase kinase 2	
Details	108	80	hsa-miR-335-5p	LDHB	lactate dehydrogenase B	
Details	109	80	hsa-miR-335-5p	MED21	mediator complex subunit 21	
Details	110	80	hsa-miR-335-5p	PAPOLA	poly(A) polymerase alpha	
Details	111	80	hsa-miR-335-5p	PTPN22	protein tyrosine phosphatase, non-receptor type 22	
Details	112	79	hsa-miR-335-5p	DOCK4	dedicator of cytokinesis 4	
Details	113	79	hsa-miR-335-5p	MBD1	methyl-CpG binding domain protein 1	
Details	114	79	hsa-miR-335-5p	PPIAL4D	peptidylprolyl isomerase A like 4D	
Details	115	79	hsa-miR-335-5p	FKBP1B	FKBP prolyl isomerase 1B	
Details	116	79	hsa-miR-335-5p	MCCC2	methylcrotonoyl-CoA carboxylase 2	
Details	117	79	hsa-miR-335-5p	NDRG1	N-myc downstream regulated 1	
Details	118	79	hsa-miR-335-5p	MOSPD1	motile sperm domain containing 1	
Details	119	79	hsa-miR-335-5p	LSS	lanosterol synthase	
Details	120	79	hsa-miR-335-5p	SLC7A11	solute carrier family 7 member 11	
Details	121	78	hsa-miR-335-5p	GNL3L	G protein nucleolar 3 like	
Details	122	78	hsa-miR-335-5p	GLP2R	glucagon like peptide 2 receptor	
Details	123	78	hsa-miR-335-5p	ELFN2	extracellular leucine rich repeat and fibronectin type III domain containing 2	
Details	124	78	hsa-miR-335-5p	MAX	MYC associated factor X	
Details	125	78	hsa-miR-335-5p	APEH	acylaminoacyl-peptide hydrolase	
Details	126	78	hsa-miR-335-5p	RPP14	ribonuclease P/MRP subunit p14	
Details	127	78	hsa-miR-335-5p	KAZALD1	Kazal type serine peptidase inhibitor domain 1	
Details	128	78	hsa-miR-335-5p	TMEM178B	transmembrane protein 178B	
Details	129	78	hsa-miR-335-5p	ZDHHC8	zinc finger DHHC-type containing 8	
Details	130	78	hsa-miR-335-5p	SLC45A3	solute carrier family 45 member 3	
Details	131	77	hsa-miR-335-5p	CRNKL1	crooked neck pre-mRNA splicing factor 1	
Details	132	77	hsa-miR-335-5p	SP1	Sp1 transcription factor	
Details	133	77	hsa-miR-335-5p	MED6	mediator complex subunit 6	
Details	134	77	hsa-miR-335-5p	KDSR	3-ketodihydrosphingosine reductase	
Details	135	77	hsa-miR-335-5p	BARD1	BRCA1 associated RING domain 1	
Details	136	77	hsa-miR-335-5p	EIF4A2	eukaryotic translation initiation factor 4A2	
Details	137	77	hsa-miR-335-5p	CCR3	C-C motif chemokine receptor 3	
Details	138	77	hsa-miR-335-5p	ZRANB3	zinc finger RANBP2-type containing 3	
Details	139	77	hsa-miR-335-5p	ROCK1	Rho associated coiled-coil containing protein kinase 1	
Details	140	77	hsa-miR-335-5p	TRIM26	tripartite motif containing 26	
Details	141	76	hsa-miR-335-5p	MAPK10	mitogen-activated protein kinase 10	
Details	142	76	hsa-miR-335-5p	FRS2	fibroblast growth factor receptor substrate 2	
Details	143	76	hsa-miR-335-5p	NAA50	N(alpha)-acetyltransferase 50, NatE catalytic subunit	
Details	144	76	hsa-miR-335-5p	KLHL15	kelch like family member 15	
Details	145	76	hsa-miR-335-5p	NCBP3	nuclear cap binding subunit 3	
Details	146	76	hsa-miR-335-5p	NAA30	N(alpha)-acetyltransferase 30, NatC catalytic subunit	
Details	147	75	hsa-miR-335-5p	PRR23A	proline rich 23A	
Details	148	75	hsa-miR-335-5p	TOMM6	translocase of outer mitochondrial membrane 6	
Details	149	75	hsa-miR-335-5p	DNAJA1	DnaJ heat shock protein family (Hsp40) member A1	
Details	150	75	hsa-miR-335-5p	LYPD6	LY6/PLAUR domain containing 6	
Details	151	75	hsa-miR-335-5p	NBPF12	NBPF member 12	
Details	152	74	hsa-miR-335-5p	PAXIP1	PAX interacting protein 1	
Details	153	74	hsa-miR-335-5p	NBPF9	NBPF member 9	
Details	154	74	hsa-miR-335-5p	GPT	glutamic--pyruvic transaminase	
Details	155	74	hsa-miR-335-5p	ENAH	ENAH, actin regulator	
Details	156	74	hsa-miR-335-5p	NBPF20	NBPF member 20	
Details	157	74	hsa-miR-335-5p	CCR9	C-C motif chemokine receptor 9	
Details	158	74	hsa-miR-335-5p	NBPF8	NBPF member 8	
Details	159	74	hsa-miR-335-5p	MTTP	microsomal triglyceride transfer protein	
Details	160	74	hsa-miR-335-5p	PDHA1	pyruvate dehydrogenase E1 alpha 1 subunit	
Details	161	74	hsa-miR-335-5p	NBPF14	NBPF member 14	
Details	162	74	hsa-miR-335-5p	NBPF1	NBPF member 1	
Details	163	74	hsa-miR-335-5p	RUFY3	RUN and FYVE domain containing 3	
Details	164	74	hsa-miR-335-5p	TIAM1	T cell lymphoma invasion and metastasis 1	
Details	165	74	hsa-miR-335-5p	NBPF15	NBPF member 15	
Details	166	74	hsa-miR-335-5p	PPP6C	protein phosphatase 6 catalytic subunit	
Details	167	73	hsa-miR-335-5p	COL6A3	collagen type VI alpha 3 chain	
Details	168	73	hsa-miR-335-5p	THOC7	THO complex 7	
Details	169	73	hsa-miR-335-5p	PHTF2	putative homeodomain transcription factor 2	
Details	170	73	hsa-miR-335-5p	CORO2B	coronin 2B	
Details	171	73	hsa-miR-335-5p	NBPF11	NBPF member 11	
Details	172	73	hsa-miR-335-5p	PRR5L	proline rich 5 like	
Details	173	73	hsa-miR-335-5p	BET1	Bet1 golgi vesicular membrane trafficking protein	
Details	174	73	hsa-miR-335-5p	PRDM2	PR/SET domain 2	
Details	175	73	hsa-miR-335-5p	GRIA4	glutamate ionotropic receptor AMPA type subunit 4	
Details	176	73	hsa-miR-335-5p	KLHL28	kelch like family member 28	
Details	177	73	hsa-miR-335-5p	PCNX1	pecanex 1	
Details	178	73	hsa-miR-335-5p	PRDM10	PR/SET domain 10	
Details	179	72	hsa-miR-335-5p	ATP6V1G3	ATPase H+ transporting V1 subunit G3	
Details	180	72	hsa-miR-335-5p	AP3S1	adaptor related protein complex 3 subunit sigma 1	
Details	181	72	hsa-miR-335-5p	LCORL	ligand dependent nuclear receptor corepressor like	
Details	182	72	hsa-miR-335-5p	NCOA2	nuclear receptor coactivator 2	
Details	183	72	hsa-miR-335-5p	SALL1	spalt like transcription factor 1	
Details	184	72	hsa-miR-335-5p	RNF141	ring finger protein 141	
Details	185	72	hsa-miR-335-5p	SYNPO2	synaptopodin 2	
Details	186	72	hsa-miR-335-5p	ZNF451	zinc finger protein 451	
Details	187	72	hsa-miR-335-5p	MTRF1L	mitochondrial translational release factor 1 like	
Details	188	71	hsa-miR-335-5p	HBP1	HMG-box transcription factor 1	
Details	189	71	hsa-miR-335-5p	WDR6	WD repeat domain 6	
Details	190	71	hsa-miR-335-5p	USP51	ubiquitin specific peptidase 51	
Details	191	71	hsa-miR-335-5p	RGS13	regulator of G protein signaling 13	
Details	192	71	hsa-miR-335-5p	RTKN2	rhotekin 2	
Details	193	71	hsa-miR-335-5p	SHANK2	SH3 and multiple ankyrin repeat domains 2	
Details	194	71	hsa-miR-335-5p	ANKRD40	ankyrin repeat domain 40	
Details	195	71	hsa-miR-335-5p	TOMM40L	translocase of outer mitochondrial membrane 40 like	
Details	196	71	hsa-miR-335-5p	EPHA4	EPH receptor A4	
Details	197	71	hsa-miR-335-5p	AIG1	androgen induced 1	
Details	198	71	hsa-miR-335-5p	NDST3	N-deacetylase and N-sulfotransferase 3	
Details	199	71	hsa-miR-335-5p	STMP1	short transmembrane mitochondrial protein 1	
Details	200	71	hsa-miR-335-5p	SCAPER	S-phase cyclin A associated protein in the ER	
Details	201	70	hsa-miR-335-5p	KDM7A	lysine demethylase 7A	
Details	202	70	hsa-miR-335-5p	WSCD2	WSC domain containing 2	
Details	203	70	hsa-miR-335-5p	NUS1	NUS1, dehydrodolichyl diphosphate synthase subunit	
Details	204	70	hsa-miR-335-5p	MRPS5	mitochondrial ribosomal protein S5	
Details	205	70	hsa-miR-335-5p	NR4A3	nuclear receptor subfamily 4 group A member 3	
Details	206	70	hsa-miR-335-5p	CCNJL	cyclin J like	
Details	207	70	hsa-miR-335-5p	CPNE1	copine 1	
Details	208	69	hsa-miR-335-5p	ZSCAN12	zinc finger and SCAN domain containing 12	
Details	209	69	hsa-miR-335-5p	B3GNT5	UDP-GlcNAc:betaGal beta-1,3-N-acetylglucosaminyltransferase 5	
Details	210	69	hsa-miR-335-5p	ARIH1	ariadne RBR E3 ubiquitin protein ligase 1	
Details	211	69	hsa-miR-335-5p	UBE2H	ubiquitin conjugating enzyme E2 H	
Details	212	69	hsa-miR-335-5p	TMEM65	transmembrane protein 65	
Details	213	69	hsa-miR-335-5p	PIAS4	protein inhibitor of activated STAT 4	
Details	214	69	hsa-miR-335-5p	TIMELESS	timeless circadian regulator	
Details	215	69	hsa-miR-335-5p	PIAS2	protein inhibitor of activated STAT 2	
Details	216	69	hsa-miR-335-5p	G2E3	G2/M-phase specific E3 ubiquitin protein ligase	
Details	217	69	hsa-miR-335-5p	ZNF532	zinc finger protein 532	
Details	218	69	hsa-miR-335-5p	NAP1L1	nucleosome assembly protein 1 like 1	
Details	219	69	hsa-miR-335-5p	ENTPD5	ectonucleoside triphosphate diphosphohydrolase 5	
Details	220	69	hsa-miR-335-5p	IL17RD	interleukin 17 receptor D	
Details	221	68	hsa-miR-335-5p	ENTPD1	ectonucleoside triphosphate diphosphohydrolase 1	
Details	222	68	hsa-miR-335-5p	FAM78A	family with sequence similarity 78 member A	
Details	223	68	hsa-miR-335-5p	RIOX2	ribosomal oxygenase 2	
Details	224	68	hsa-miR-335-5p	ZNF3	zinc finger protein 3	
Details	225	68	hsa-miR-335-5p	MAP6D1	MAP6 domain containing 1	
Details	226	68	hsa-miR-335-5p	CCNT2	cyclin T2	
Details	227	68	hsa-miR-335-5p	VAV2	vav guanine nucleotide exchange factor 2	
Details	228	67	hsa-miR-335-5p	ZNF185	zinc finger protein 185 with LIM domain	
Details	229	67	hsa-miR-335-5p	EFNB1	ephrin B1	
Details	230	67	hsa-miR-335-5p	MUC13	mucin 13, cell surface associated	
Details	231	67	hsa-miR-335-5p	VN1R1	vomeronasal 1 receptor 1	
Details	232	67	hsa-miR-335-5p	BSN	bassoon presynaptic cytomatrix protein	
Details	233	67	hsa-miR-335-5p	GRIA3	glutamate ionotropic receptor AMPA type subunit 3	
Details	234	67	hsa-miR-335-5p	C1orf116	chromosome 1 open reading frame 116	
Details	235	67	hsa-miR-335-5p	CDH11	cadherin 11	
Details	236	67	hsa-miR-335-5p	TRIM5	tripartite motif containing 5	
Details	237	67	hsa-miR-335-5p	ZEB2	zinc finger E-box binding homeobox 2	
Details	238	67	hsa-miR-335-5p	PLOD1	procollagen-lysine,2-oxoglutarate 5-dioxygenase 1	
Details	239	67	hsa-miR-335-5p	BSDC1	BSD domain containing 1	
Details	240	67	hsa-miR-335-5p	AK2	adenylate kinase 2	
Details	241	66	hsa-miR-335-5p	NXPE3	neurexophilin and PC-esterase domain family member 3	
Details	242	66	hsa-miR-335-5p	RBMX2	RNA binding motif protein X-linked 2	
Details	243	66	hsa-miR-335-5p	OLIG3	oligodendrocyte transcription factor 3	
Details	244	66	hsa-miR-335-5p	KPNA6	karyopherin subunit alpha 6	
Details	245	66	hsa-miR-335-5p	MICAL3	microtubule associated monooxygenase, calponin and LIM domain containing 3	
Details	246	66	hsa-miR-335-5p	PURB	purine rich element binding protein B	
Details	247	66	hsa-miR-335-5p	CEP85L	centrosomal protein 85 like	
Details	248	66	hsa-miR-335-5p	EBF1	EBF transcription factor 1	
Details	249	66	hsa-miR-335-5p	SERPINB1	serpin family B member 1	
Details	250	66	hsa-miR-335-5p	HIC2	HIC ZBTB transcriptional repressor 2	
Details	251	65	hsa-miR-335-5p	STN1	STN1, CST complex subunit	
Details	252	65	hsa-miR-335-5p	CALHM5	calcium homeostasis modulator family member 5	
Details	253	65	hsa-miR-335-5p	STAU1	staufen double-stranded RNA binding protein 1	
Details	254	65	hsa-miR-335-5p	TEAD1	TEA domain transcription factor 1	
Details	255	65	hsa-miR-335-5p	MAP3K9	mitogen-activated protein kinase kinase kinase 9	
Details	256	65	hsa-miR-335-5p	MAN1C1	mannosidase alpha class 1C member 1	
Details	257	65	hsa-miR-335-5p	HLF	HLF, PAR bZIP transcription factor	
Details	258	65	hsa-miR-335-5p	ACOT11	acyl-CoA thioesterase 11	
Details	259	64	hsa-miR-335-5p	SEC14L5	SEC14 like lipid binding 5	
Details	260	64	hsa-miR-335-5p	MAT2B	methionine adenosyltransferase 2B	
Details	261	64	hsa-miR-335-5p	KCNJ15	potassium voltage-gated channel subfamily J member 15	
Details	262	64	hsa-miR-335-5p	NEMP1	nuclear envelope integral membrane protein 1	
Details	263	64	hsa-miR-335-5p	EVI5	ecotropic viral integration site 5	
Details	264	64	hsa-miR-335-5p	SLIT3	slit guidance ligand 3	
Details	265	64	hsa-miR-335-5p	KMT5A	lysine methyltransferase 5A	
Details	266	63	hsa-miR-335-5p	ACPP	acid phosphatase, prostate	
Details	267	63	hsa-miR-335-5p	ALOX5AP	arachidonate 5-lipoxygenase activating protein	
Details	268	63	hsa-miR-335-5p	MET	MET proto-oncogene, receptor tyrosine kinase	
Details	269	63	hsa-miR-335-5p	PRIMA1	proline rich membrane anchor 1	
Details	270	63	hsa-miR-335-5p	CDC14B	cell division cycle 14B	
Details	271	63	hsa-miR-335-5p	PGF	placental growth factor	
Details	272	63	hsa-miR-335-5p	CELF1	CUGBP Elav-like family member 1	
Details	273	63	hsa-miR-335-5p	CCDC33	coiled-coil domain containing 33	
Details	274	63	hsa-miR-335-5p	SUCNR1	succinate receptor 1	
Details	275	63	hsa-miR-335-5p	GLYATL1	glycine-N-acyltransferase like 1	
Details	276	63	hsa-miR-335-5p	ZC3H12D	zinc finger CCCH-type containing 12D	
Details	277	62	hsa-miR-335-5p	PALM2-AKAP2	PALM2-AKAP2 readthrough	
Details	278	62	hsa-miR-335-5p	ZBTB43	zinc finger and BTB domain containing 43	
Details	279	62	hsa-miR-335-5p	RAB5B	RAB5B, member RAS oncogene family	
Details	280	62	hsa-miR-335-5p	PMEPA1	prostate transmembrane protein, androgen induced 1	
Details	281	62	hsa-miR-335-5p	KDELR1	KDEL endoplasmic reticulum protein retention receptor 1	
Details	282	62	hsa-miR-335-5p	UST	uronyl 2-sulfotransferase	
Details	283	62	hsa-miR-335-5p	PPIE	peptidylprolyl isomerase E	
Details	284	62	hsa-miR-335-5p	STAU2	staufen double-stranded RNA binding protein 2	
Details	285	62	hsa-miR-335-5p	LRBA	LPS responsive beige-like anchor protein	
Details	286	62	hsa-miR-335-5p	YPEL1	yippee like 1	
Details	287	62	hsa-miR-335-5p	SPTSSA	serine palmitoyltransferase small subunit A	
Details	288	62	hsa-miR-335-5p	NIPSNAP3B	nipsnap homolog 3B	
Details	289	62	hsa-miR-335-5p	MAB21L3	mab-21 like 3	
Details	290	62	hsa-miR-335-5p	ABCC5	ATP binding cassette subfamily C member 5	
Details	291	62	hsa-miR-335-5p	TOLLIP	toll interacting protein	
Details	292	62	hsa-miR-335-5p	AKAP2	A-kinase anchoring protein 2	
Details	293	62	hsa-miR-335-5p	ZNF385D	zinc finger protein 385D	
Details	294	61	hsa-miR-335-5p	ADAMDEC1	ADAM like decysin 1	
Details	295	61	hsa-miR-335-5p	HUNK	hormonally up-regulated Neu-associated kinase	
Details	296	61	hsa-miR-335-5p	STIM2	stromal interaction molecule 2	
Details	297	61	hsa-miR-335-5p	BAG1	BCL2 associated athanogene 1	
Details	298	61	hsa-miR-335-5p	PLCXD3	phosphatidylinositol specific phospholipase C X domain containing 3	
Details	299	61	hsa-miR-335-5p	PTPMT1	protein tyrosine phosphatase, mitochondrial 1	
Details	300	61	hsa-miR-335-5p	SRR	serine racemase	
Details	301	61	hsa-miR-335-5p	NXPH1	neurexophilin 1	
Details	302	61	hsa-miR-335-5p	MSMO1	methylsterol monooxygenase 1	
Details	303	61	hsa-miR-335-5p	CACUL1	CDK2 associated cullin domain 1	
Details	304	61	hsa-miR-335-5p	ADGRL2	adhesion G protein-coupled receptor L2	
Details	305	61	hsa-miR-335-5p	SGMS2	sphingomyelin synthase 2	
Details	306	60	hsa-miR-335-5p	MARCH8	membrane associated ring-CH-type finger 8	
Details	307	60	hsa-miR-335-5p	SMG1	SMG1, nonsense mediated mRNA decay associated PI3K related kinase	
Details	308	60	hsa-miR-335-5p	MFSD4A	major facilitator superfamily domain containing 4A	
Details	309	60	hsa-miR-335-5p	TMEM239	transmembrane protein 239	
Details	310	60	hsa-miR-335-5p	ACBD7	acyl-CoA binding domain containing 7	
Details	311	60	hsa-miR-335-5p	YAF2	YY1 associated factor 2	
Details	312	60	hsa-miR-335-5p	COG5	component of oligomeric golgi complex 5	
Details	313	60	hsa-miR-335-5p	RB1	RB transcriptional corepressor 1	
Details	314	60	hsa-miR-335-5p	NFYB	nuclear transcription factor Y subunit beta	
Details	315	59	hsa-miR-335-5p	ATXN7L1	ataxin 7 like 1	
Details	316	59	hsa-miR-335-5p	BIRC5	baculoviral IAP repeat containing 5	
Details	317	59	hsa-miR-335-5p	ADCY3	adenylate cyclase 3	
Details	318	59	hsa-miR-335-5p	LIN28B	lin-28 homolog B	
Details	319	59	hsa-miR-335-5p	JCAD	junctional cadherin 5 associated	
Details	320	59	hsa-miR-335-5p	SEC63	SEC63 homolog, protein translocation regulator	
Details	321	59	hsa-miR-335-5p	KMT2C	lysine methyltransferase 2C	
Details	322	59	hsa-miR-335-5p	EEF2K	eukaryotic elongation factor 2 kinase	
Details	323	59	hsa-miR-335-5p	NEBL	nebulette	
Details	324	59	hsa-miR-335-5p	PCDHB14	protocadherin beta 14	
Details	325	59	hsa-miR-335-5p	NBPF3	NBPF member 3	
Details	326	59	hsa-miR-335-5p	PLEKHO1	pleckstrin homology domain containing O1	
Details	327	59	hsa-miR-335-5p	EPB41L4B	erythrocyte membrane protein band 4.1 like 4B	
Details	328	59	hsa-miR-335-5p	C5AR1	complement C5a receptor 1	
Details	329	59	hsa-miR-335-5p	CD164	CD164 molecule	
Details	330	58	hsa-miR-335-5p	KCTD7	potassium channel tetramerization domain containing 7	
Details	331	58	hsa-miR-335-5p	PHF20L1	PHD finger protein 20 like 1	
Details	332	58	hsa-miR-335-5p	RLIM	ring finger protein, LIM domain interacting	
Details	333	58	hsa-miR-335-5p	GSPT1	G1 to S phase transition 1	
Details	334	58	hsa-miR-335-5p	MAP7D3	MAP7 domain containing 3	
Details	335	58	hsa-miR-335-5p	HOXA11	homeobox A11	
Details	336	58	hsa-miR-335-5p	GDE1	glycerophosphodiester phosphodiesterase 1	
Details	337	58	hsa-miR-335-5p	ATP2B3	ATPase plasma membrane Ca2+ transporting 3	
Details	338	58	hsa-miR-335-5p	C12orf49	chromosome 12 open reading frame 49	
Details	339	58	hsa-miR-335-5p	BNC2	basonuclin 2	
Details	340	58	hsa-miR-335-5p	AAK1	AP2 associated kinase 1	
Details	341	58	hsa-miR-335-5p	PLEKHB2	pleckstrin homology domain containing B2	
Details	342	58	hsa-miR-335-5p	ZMAT3	zinc finger matrin-type 3	
Details	343	57	hsa-miR-335-5p	LRPAP1	LDL receptor related protein associated protein 1	
Details	344	57	hsa-miR-335-5p	KIAA1324L	KIAA1324 like	
Details	345	57	hsa-miR-335-5p	MMAA	metabolism of cobalamin associated A	
Details	346	57	hsa-miR-335-5p	ZNF470	zinc finger protein 470	
Details	347	57	hsa-miR-335-5p	ZNF621	zinc finger protein 621	
Details	348	57	hsa-miR-335-5p	PXN	paxillin	
Details	349	57	hsa-miR-335-5p	TFDP2	transcription factor Dp-2	
Details	350	57	hsa-miR-335-5p	GPN1	GPN-loop GTPase 1	
Details	351	57	hsa-miR-335-5p	BICC1	BicC family RNA binding protein 1	
Details	352	57	hsa-miR-335-5p	RAPGEF6	Rap guanine nucleotide exchange factor 6	
Details	353	57	hsa-miR-335-5p	ETNK1	ethanolamine kinase 1	
Details	354	57	hsa-miR-335-5p	INPP5D	inositol polyphosphate-5-phosphatase D	
Details	355	56	hsa-miR-335-5p	LSM11	LSM11, U7 small nuclear RNA associated	
Details	356	56	hsa-miR-335-5p	KIF3A	kinesin family member 3A	
Details	357	56	hsa-miR-335-5p	WWC2	WW and C2 domain containing 2	
Details	358	56	hsa-miR-335-5p	PCDH9	protocadherin 9	
Details	359	56	hsa-miR-335-5p	PHACTR1	phosphatase and actin regulator 1	
Details	360	56	hsa-miR-335-5p	EYA2	EYA transcriptional coactivator and phosphatase 2	
Details	361	56	hsa-miR-335-5p	STRN3	striatin 3	
Details	362	56	hsa-miR-335-5p	TMEM173	transmembrane protein 173	
Details	363	56	hsa-miR-335-5p	POU2AF1	POU class 2 associating factor 1	
Details	364	56	hsa-miR-335-5p	RBM7	RNA binding motif protein 7	
Details	365	56	hsa-miR-335-5p	INO80D	INO80 complex subunit D	
Details	366	56	hsa-miR-335-5p	PPP1R3A	protein phosphatase 1 regulatory subunit 3A	
Details	367	56	hsa-miR-335-5p	DLEU7	deleted in lymphocytic leukemia 7	
Details	368	56	hsa-miR-335-5p	SOGA3	SOGA family member 3	
Details	369	56	hsa-miR-335-5p	IL1F10	interleukin 1 family member 10	
Details	370	56	hsa-miR-335-5p	ERC1	ELKS/RAB6-interacting/CAST family member 1	
Details	371	55	hsa-miR-335-5p	ADD2	adducin 2	
Details	372	55	hsa-miR-335-5p	CORO1C	coronin 1C	
Details	373	55	hsa-miR-335-5p	CEP63	centrosomal protein 63	
Details	374	55	hsa-miR-335-5p	MDM4	MDM4, p53 regulator	
Details	375	55	hsa-miR-335-5p	NRG3	neuregulin 3	
Details	376	55	hsa-miR-335-5p	METTL7A	methyltransferase like 7A	
Details	377	55	hsa-miR-335-5p	SEPT10	septin 10	
Details	378	55	hsa-miR-335-5p	ZNF500	zinc finger protein 500	
Details	379	55	hsa-miR-335-5p	HEMK1	HemK methyltransferase family member 1	
Details	380	55	hsa-miR-335-5p	CENPK	centromere protein K	
Details	381	55	hsa-miR-335-5p	NUDT16L1	nudix hydrolase 16 like 1	
Details	382	55	hsa-miR-335-5p	CREBRF	CREB3 regulatory factor	
Details	383	55	hsa-miR-335-5p	SRP72	signal recognition particle 72	
Details	384	55	hsa-miR-335-5p	ARPC5L	actin related protein 2/3 complex subunit 5 like	
Details	385	55	hsa-miR-335-5p	CYB561D1	cytochrome b561 family member D1	
Details	386	55	hsa-miR-335-5p	MICAL2	microtubule associated monooxygenase, calponin and LIM domain containing 2	
Details	387	54	hsa-miR-335-5p	C2CD2	C2 calcium dependent domain containing 2	
Details	388	54	hsa-miR-335-5p	KIAA0391	KIAA0391	
Details	389	54	hsa-miR-335-5p	CTDSPL2	CTD small phosphatase like 2	
Details	390	54	hsa-miR-335-5p	ERBB4	erb-b2 receptor tyrosine kinase 4	
Details	391	54	hsa-miR-335-5p	SGCZ	sarcoglycan zeta	
Details	392	54	hsa-miR-335-5p	GOLM1	golgi membrane protein 1	
Details	393	54	hsa-miR-335-5p	PPP2R5C	protein phosphatase 2 regulatory subunit B'gamma	
Details	394	54	hsa-miR-335-5p	LOXL4	lysyl oxidase like 4	
Details	395	54	hsa-miR-335-5p	GOLGA6L1	golgin A6 family-like 1	
Details	396	54	hsa-miR-335-5p	MYOC	myocilin	
Details	397	54	hsa-miR-335-5p	AHCYL1	adenosylhomocysteinase like 1	
Details	398	53	hsa-miR-335-5p	GOLGA6L6	golgin A6 family-like 6	
Details	399	53	hsa-miR-335-5p	ZNF322	zinc finger protein 322	
Details	400	53	hsa-miR-335-5p	DCUN1D3	defective in cullin neddylation 1 domain containing 3	
Details	401	53	hsa-miR-335-5p	SERPINB9	serpin family B member 9	
Details	402	53	hsa-miR-335-5p	DCAF12	DDB1 and CUL4 associated factor 12	
Details	403	53	hsa-miR-335-5p	CLECL1	C-type lectin like 1	
Details	404	53	hsa-miR-335-5p	SOCS5	suppressor of cytokine signaling 5	
Details	405	53	hsa-miR-335-5p	PLXDC2	plexin domain containing 2	
Details	406	53	hsa-miR-335-5p	PLAGL2	PLAG1 like zinc finger 2	
Details	407	53	hsa-miR-335-5p	NPAS4	neuronal PAS domain protein 4	
Details	408	53	hsa-miR-335-5p	PNMA8A	PNMA family member 8A	
Details	409	53	hsa-miR-335-5p	ZNF845	zinc finger protein 845	
Details	410	53	hsa-miR-335-5p	SETD5	SET domain containing 5	
Details	411	53	hsa-miR-335-5p	NOS1	nitric oxide synthase 1	
Details	412	53	hsa-miR-335-5p	GOLPH3L	golgi phosphoprotein 3 like	
Details	413	52	hsa-miR-335-5p	TNFAIP1	TNF alpha induced protein 1	
Details	414	52	hsa-miR-335-5p	DNAJC9	DnaJ heat shock protein family (Hsp40) member C9	
Details	415	52	hsa-miR-335-5p	ID4	inhibitor of DNA binding 4, HLH protein	
Details	416	52	hsa-miR-335-5p	CDRT4	CMT1A duplicated region transcript 4	
Details	417	52	hsa-miR-335-5p	CELSR3	cadherin EGF LAG seven-pass G-type receptor 3	
Details	418	52	hsa-miR-335-5p	ZNF736	zinc finger protein 736	
Details	419	52	hsa-miR-335-5p	ZNF106	zinc finger protein 106	
Details	420	52	hsa-miR-335-5p	ADPRHL1	ADP-ribosylhydrolase like 1	
Details	421	52	hsa-miR-335-5p	EPG5	ectopic P-granules autophagy protein 5 homolog	
Details	422	52	hsa-miR-335-5p	TOP2A	DNA topoisomerase II alpha	
Details	423	52	hsa-miR-335-5p	EPSTI1	epithelial stromal interaction 1	
Details	424	52	hsa-miR-335-5p	TRABD2B	TraB domain containing 2B	
Details	425	52	hsa-miR-335-5p	C16orf91	chromosome 16 open reading frame 91	
Details	426	52	hsa-miR-335-5p	RETREG3	reticulophagy regulator family member 3	
Details	427	52	hsa-miR-335-5p	JAG1	jagged 1	
Details	428	52	hsa-miR-335-5p	NCDN	neurochondrin	
Details	429	52	hsa-miR-335-5p	SLC15A1	solute carrier family 15 member 1	
Details	430	51	hsa-miR-335-5p	PCDH19	protocadherin 19	
Details	431	51	hsa-miR-335-5p	RMND5A	required for meiotic nuclear division 5 homolog A	
Details	432	51	hsa-miR-335-5p	SPAST	spastin	
Details	433	51	hsa-miR-335-5p	AP5M1	adaptor related protein complex 5 subunit mu 1	
Details	434	51	hsa-miR-335-5p	ZBTB8B	zinc finger and BTB domain containing 8B	
Details	435	51	hsa-miR-335-5p	RNF125	ring finger protein 125	
Details	436	51	hsa-miR-335-5p	GBP7	guanylate binding protein 7	
Details	437	51	hsa-miR-335-5p	PQLC2L	PQ loop repeat containing 2 like	
Details	438	51	hsa-miR-335-5p	TMED7-TICAM2	TMED7-TICAM2 readthrough	
Details	439	51	hsa-miR-335-5p	FARS2	phenylalanyl-tRNA synthetase 2, mitochondrial	
Details	440	51	hsa-miR-335-5p	ZMYM4	zinc finger MYM-type containing 4	
Details	441	51	hsa-miR-335-5p	CLOCK	clock circadian regulator	
Details	442	51	hsa-miR-335-5p	ADSL	adenylosuccinate lyase	
Details	443	51	hsa-miR-335-5p	TICAM2	toll like receptor adaptor molecule 2	
Details	444	51	hsa-miR-335-5p	LOC389602	uncharacterized LOC389602	
Details	445	51	hsa-miR-335-5p	MAPRE2	microtubule associated protein RP/EB family member 2	
Details	446	50	hsa-miR-335-5p	PITPNA	phosphatidylinositol transfer protein alpha	
Details	447	50	hsa-miR-335-5p	AKAP11	A-kinase anchoring protein 11	
Details	448	50	hsa-miR-335-5p	XKRX	XK related X-linked	
Details	449	50	hsa-miR-335-5p	CPZ	carboxypeptidase Z	
Details	450	50	hsa-miR-335-5p	DPY19L1	dpy-19 like C-mannosyltransferase 1	
Details	451	50	hsa-miR-335-5p	CRIM1	cysteine rich transmembrane BMP regulator 1	
Details	452	50	hsa-miR-335-5p	RASA3	RAS p21 protein activator 3	
Details	453	50	hsa-miR-335-5p	KCTD2	potassium channel tetramerization domain containing 2	
Details	454	50	hsa-miR-335-5p	CISD2	CDGSH iron sulfur domain 2	
Details	455	50	hsa-miR-335-5p	FXR1	FMR1 autosomal homolog 1	
Details	456	50	hsa-miR-335-5p	PPARGC1B	PPARG coactivator 1 beta	
Details	457	50	hsa-miR-335-5p	PRPF40B	pre-mRNA processing factor 40 homolog B	
Details	458	50	hsa-miR-335-5p	TAF1	TATA-box binding protein associated factor 1	
Details	459	50	hsa-miR-335-5p	MIEF1	mitochondrial elongation factor 1	
Details	460	50	hsa-miR-335-5p	BOLA1	bolA family member 1	
Details	461	50	hsa-miR-335-5p	EIF3J	eukaryotic translation initiation factor 3 subunit J	
Details	462	50	hsa-miR-335-5p	ZNF490	zinc finger protein 490	
Details	463	50	hsa-miR-335-5p	ABL1	ABL proto-oncogene 1, non-receptor tyrosine kinase	
Details	464	50	hsa-miR-335-5p	DCP2	decapping mRNA 2	
Details	465	50	hsa-miR-335-5p	HERC6	HECT and RLD domain containing E3 ubiquitin protein ligase family member 6		
